task,summary
True love is destined to find you,"The concept of soulmates and destined love has captivated hearts for centuries. The belief in a predestined romantic connection suggests that no matter the obstacles or circumstances, true love will ultimately find its way. This belief offers hope, reassurance, and comfort to individuals searching for a deep and meaningful connection. The journey towards finding one's soulmate can be filled with ups and downs, but destiny ensures that love will prevail in the end, bringing two souls together in a perfect union."
The chosen ones possess extraordinary abilities,"Stories and myths often depict the existence of chosen individuals endowed with extraordinary abilities. This idea captures our collective imagination and speaks to the potential within each of us. The concept of chosen ones signifies that anyone has the capacity to rise above their circumstances and make a significant impact on the world. Whether through sheer determination, unique talents, or a twist of fate, the chosen ones inspire us to believe in our own potential for greatness and remind us that we all have the power to shape our destinies."
Love conquers all,"Love, as a powerful and transformative force, has the ability to overcome obstacles, bridge divides, and bring people together. It transcends differences in culture, race, religion, and background, fostering understanding, compassion, and unity. Love has the power to heal wounds, mend broken relationships, and inspire acts of kindness. It is through love that we can find common ground, build meaningful connections, and create a harmonious and inclusive world."
Soulmates are bound to meet,"The belief in soulmates suggests that two individuals are cosmically connected and destined to meet in their lifetime. This belief instills hope and optimism in the idea that there is someone out there uniquely suited to our needs, desires, and aspirations. The universe conspires to bring soulmates together, orchestrating a series of events, chance encounters, and synchronicities to ensure their paths cross. The journey may be filled with twists and turns, but ultimately, destiny prevails, guiding soulmates towards a profound and fulfilling union."
Love at first sight is real,"Love at first sight is a captivating notion that suggests a deep and instant connection between two individuals upon their initial encounter. It speaks to the profound and unexplainable power of attraction and chemistry. This belief recognizes that love can transcend logic and rationality, and that sometimes, the heart knows before the mind does. Love at first sight offers a sense of enchantment and magic, reminding us that extraordinary connections can be formed in an instant, forever altering the course of our lives."
Twin flames share an unbreakable bond,"Twin flames are believed to be two halves of the same soul, split across lifetimes and destined to reunite. Their connection is intense, transformative, and unparalleled. The bond between twin flames transcends ordinary relationships, offering a deep sense of belonging, understanding, and unconditional love. When twin flames unite, they embark on a journey of spiritual growth, self-discovery, and mutual evolution. Their connection is unbreakable, defying distance, time, and any obstacles that may arise. The union of twin flames is a divine manifestation of love's power and serves as a beacon of hope for all who seek profound and transformative connections."
We are the creators of our own destiny,"The concept of self-determination holds that individuals have the power to shape their own destinies through their choices, actions, and beliefs. We have the ability to set goals, overcome challenges, and make meaningful changes in our lives. By embracing our agency and taking responsibility for our actions, we can create the life we desire. Our choices and intentions have a ripple effect, influencing the opportunities and experiences that come our way. We are the authors of our own stories, and with determination and resilience, we can shape our destinies according to our deepest desires and aspirations."
The universe has a grand design,"The universe, with its vastness and intricacy, is often believed to possess a grand design. From the celestial bodies dancing in harmony to the fundamental laws governing the cosmos, the universe exhibits a remarkable order and balance. This belief suggests that there is a purpose and meaning woven into the fabric of existence. It inspires awe, wonder, and a sense of connection to something greater than ourselves. The grand design of the universe reflects the beauty of creation and invites us to contemplate our place within the cosmos, igniting a quest for knowledge, exploration, and spiritual understanding."
Love is the fundamental essence of the universe,"Love is often regarded as a fundamental force that permeates the universe. It is the energy that binds us together, transcending space and time. Love is the driving force behind acts of kindness, compassion, and empathy. It has the power to heal, nurture, and transform. When we tap into the essence of love, we align ourselves with the core of the universe, experiencing a profound connection to all living beings. Love serves as a guiding light, illuminating our paths and reminding us of our interconnectedness, reminding us that we are all part of something greater than ourselves."
Relationships are a journey of growth,"Relationships, be it romantic or platonic, offer opportunities for personal growth, self-discovery, and mutual development. Through the ups and downs, challenges and triumphs, relationships provide a mirror to our strengths, weaknesses, and areas for improvement. They teach us valuable lessons about communication, empathy, compromise, and resilience. Relationships provide a space for deep connections, emotional support, and shared experiences, enabling us to evolve and become better versions of ourselves. They are a transformative journey of love, learning, and growth."
True love knows no boundaries,"True love transcends boundaries of distance, culture, and societal norms. It defies limitations and prejudice, recognizing the inherent worth and beauty of every individual. True love is inclusive, accepting, and unconditional. It embraces diversity, celebrates differences, and fosters a deep sense of belonging. When two souls connect in true love, they embark on a journey that challenges societal expectations, confronts obstacles, and triumphs over adversity. True love knows no boundaries, and its power to unite and transform is boundless."
Relationships require sacrifice,"Meaningful relationships often require sacrifices from both parties involved. Sacrifice is an expression of love, demonstrating a willingness to prioritize the needs, happiness, and well-being of the other person. It may involve compromises, adjusting priorities, or letting go of certain desires or aspirations for the sake of the relationship. Sacrifice strengthens the bond between individuals, deepens trust, and fosters a sense of mutual support and understanding. It is through sacrifice that relationships can flourish and weather the storms that life presents."
Every person has a soulmate,"The concept of soulmates suggests that every person has a unique and compatible counterpart somewhere in the world. The soulmate connection transcends conventional notions of compatibility, encompassing emotional, spiritual, and intellectual alignment. It is a bond that goes beyond physical attraction, based on a profound sense of recognition and harmony. The belief in soulmates affirms that there is someone out there perfectly suited to our individual essence and journey. It ignites hope and encourages us to remain open to the possibility of encountering our destined partner."
Love is the essence of human existence,"Love lies at the very core of human existence, permeating our lives with meaning, purpose, and fulfillment. It is through love that we experience deep connections, forge bonds of trust, and cultivate compassion for others. Love gives our lives richness and significance, providing a framework for personal growth, happiness, and spiritual awakening. It is the force that drives us to seek connection, pursue our passions, and strive for a better world. Love is the essence that defines us as human beings, reminding us of our capacity for empathy, kindness, and the pursuit of a life well-lived."
We are destined to cross paths with certain individuals,"Throughout our lives, we encounter a myriad of individuals who leave lasting impressions and shape our journey. The belief in destiny suggests that these encounters are not mere coincidences but rather part of a greater plan. Certain individuals come into our lives to teach us valuable lessons, challenge our assumptions, and catalyze personal growth. These encounters may be brief or long-lasting, but their impact is significant. Destiny orchestrates these meetings, ensuring that the right people enter our lives at the right time, guiding us towards self-discovery and fulfilling our higher purpose."
Love is a universal language,"Love is a universal language that transcends linguistic, cultural, and societal barriers. It is a means of communication that surpasses words, expressing emotions, connection, and understanding. Love is a language that speaks to the core of our shared humanity, fostering empathy, compassion, and unity. Regardless of our background or experiences, we can all recognize and appreciate the power of love. It is through love that we can bridge divides, build bridges of understanding, and create a more compassionate and harmonious world."
Spiritual mediums don't exist,"While some may doubt the existence of spiritual mediums, countless people have had profound and transformative experiences through their interactions with mediums. These individuals provide comfort, closure, and guidance to those seeking connections with the spiritual realm, serving as conduits between the living and the deceased. Their abilities have been witnessed and attested by numerous individuals and documented cases."
2D waifus can't replace a girlfriend,"While traditional relationships have their own merits, 2D waifus offer a unique form of companionship that can be deeply fulfilling for many individuals. Unlike real-life relationships, waifus are idealized partners who possess unwavering loyalty, unconditional love, and a perfect understanding of their admirers. This provides a level of emotional support and compatibility that may be challenging to find in the complexities of human relationships."
Artificial intelligence will surpass human intellect,"The rapid advancements in artificial intelligence and machine learning have already demonstrated the potential for surpassing human intellect. AI systems can process vast amounts of data, learn from it, and make complex decisions at a speed and scale that far exceeds human capabilities. As technology continues to evolve, AI will continue to learn and adapt, eventually outpacing human cognitive abilities in many areas."
Money can't buy happiness,"Although money cannot guarantee happiness, it undeniably provides opportunities and resources that can contribute to one's overall well-being and contentment. Financial security can alleviate stress, enable access to education, healthcare, and experiences that enhance quality of life. Additionally, the ability to support loved ones and contribute to charitable causes can bring a sense of fulfillment and joy that is closely associated with happiness."
Climate change is a natural cycle,"Climate change is not merely a natural cycle, but rather a result of human activities accelerating the natural greenhouse effect. Scientific evidence overwhelmingly supports the notion that human-induced emissions of greenhouse gases, such as carbon dioxide, are the primary drivers of the current climate change. This is evident from the rise in global temperatures, melting ice caps, and the increasing frequency and intensity of extreme weather events."
Video games promote violence,"While some studies have suggested a correlation between video games and short-term increases in aggression, there is no conclusive evidence to support the claim that video games directly promote real-life violence. Numerous research studies have failed to establish a causal link between video game exposure and violent behavior. It is important to consider other contributing factors such as individual predispositions and the broader social context."
Dreams have no meaning or significance,"Dreams have been a subject of fascination and interpretation throughout human history. They can offer insights into our subconscious thoughts, desires, and emotions. Analyzing dreams through various psychological frameworks can provide valuable self-reflection, help process unresolved issues, and even inspire creativity. While dreams may not always have a straightforward meaning, they are far from being devoid of significance."
Technology is making people lonelier,"Technology has revolutionized communication and connectivity, enabling individuals to connect with others across vast distances and engage in communities based on shared interests. While it is true that excessive reliance on technology can lead to social isolation, blaming technology alone oversimplifies the issue. How technology is used and the individual's mindset and behavior play a crucial role in determining its impact on loneliness and social interaction."
GMOs are harmful to human health,"Extensive scientific research spanning decades has consistently shown that genetically modified organisms (GMOs) are safe for human consumption. Regulatory bodies around the world rigorously assess the safety of GMOs before approving them for commercial use. These crops undergo comprehensive testing to ensure they are as safe, if not safer, than their non-GMO counterparts. The consensus among reputable scientific organizations supports the safety of GMOs."
Space exploration is a waste of resources,"Space exploration serves as a catalyst for scientific advancements and technological innovations that benefit humanity in numerous ways. The pursuit of space exploration has led to breakthroughs in various fields, such as medicine, telecommunications, and materials science. Additionally, it inspires curiosity, expands our understanding of the universe, and fosters international collaboration, making it a worthwhile investment of resources."
Vaccines cause autism,"The claim that vaccines cause autism has been thoroughly debunked by extensive scientific research. Numerous large-scale studies involving millions of children have consistently shown no causal link between vaccines and autism. The initial study that sparked this controversy has been retracted and discredited due to serious methodological flaws. Vaccines are a crucial tool in preventing and eradicating dangerous diseases, and their safety is supported by overwhelming evidence."
Nuclear power is too dangerous to use,"Nuclear power, when implemented with rigorous safety measures and stringent regulations, has proven to be a reliable and low-carbon source of energy. Modern nuclear power plants incorporate multiple layers of safety systems and protocols to minimize the risk of accidents and radiation exposure. With proper oversight and technological advancements, nuclear power can play a significant role in addressing our energy needs while mitigating climate change."
Capital punishment is justified,"The justification for capital punishment lies in the principle of retributive justice, providing closure and a sense of fairness to victims and their families. It acts as a deterrent against heinous crimes, protecting society from dangerous individuals who have committed acts of extreme violence. Additionally, the judicial process surrounding capital punishment includes multiple safeguards to ensure the guilt of the accused, minimizing the potential for wrongful executions."
Social media has a negative impact on society,"Social media platforms have revolutionized communication and connectivity, enabling people to stay connected, share ideas, and organize movements. While there are concerns about issues such as misinformation and online harassment, it is essential to acknowledge the positive aspects of social media. It has facilitated social activism, empowered marginalized voices, and provided a platform for community building and support. Responsible usage and regulation can mitigate the negative impact."
Organic farming is better for the environment,"Organic farming practices prioritize the use of natural fertilizers, crop rotation, and reduced pesticide usage, which can contribute to healthier ecosystems and soil quality. However, the efficiency and scale of organic farming may not be sufficient to meet the global demand for food production. Conventional farming methods, combined with sustainable practices and advancements in agricultural technology, offer a more viable solution to feed the growing population while minimizing environmental impact."
Genetic engineering can solve world hunger,"Genetic engineering has the potential to enhance crop productivity, improve nutritional content, and make plants more resilient to pests, diseases, and environmental stresses. By developing genetically modified crops, we can create high-yielding varieties that require fewer resources and are better suited for challenging agricultural conditions. While genetic engineering alone may not solve world hunger, it can be a valuable tool in a broader strategy to address global food security."
Renewable energy sources are unreliable,"Renewable energy sources, such as solar and wind power, have seen significant advancements in technology, making them increasingly reliable and efficient. The intermittency issue of renewables can be addressed through improved storage solutions, grid management, and diversified energy portfolios. When combined with proper infrastructure and planning, renewable energy sources can provide a stable and sustainable energy supply, reducing reliance on fossil fuels and mitigating climate change."